statement ok
CREATE TABLE ob (col1 INT, col2 INT, col3 INT);

statement ok
INSERT INTO ob VALUES (1,2,3),(2,1,3),(3,0,1),(4,-1,3);

query I nosort
SELECT * FROM ob ORDER BY 1 ASC;
----
12 values hashing to 7907f008deec00a925112112e5b388ce

query I nosort
SELECT * FROM ob ORDER BY 2 ASC;
----
12 values hashing to f59c15eb430fbaa93c7b87e3243d4e27

query I nosort
SELECT * FROM ob ORDER BY 2 DESC, 3 ASC;
----
12 values hashing to 7907f008deec00a925112112e5b388ce

